sample,tax,taxid,rel_abundance
rel_abundance_barcode01,F,Calotrichaceae,0.0003943888519417851
rel_abundance_barcode01,F,Leptolyngbyaceae,0.004585737043166246
rel_abundance_barcode01,F,Oculatellaceae,0.995019874104892
rel_abundance_barcode02,F,Burkholderiaceae,0.0005533058016919931
rel_abundance_barcode02,F,Oculatellaceae,0.999446694198308
rel_abundance_barcode03,F,Burkholderiaceae,0.3227615398875363
rel_abundance_barcode03,F,Chromatiaceae,0.0029429030464067233
rel_abundance_barcode03,F,Comamonadaceae,0.01656058827164308
rel_abundance_barcode03,F,Flavobacteriaceae,0.002595316072421677
rel_abundance_barcode03,F,Oculatellaceae,0.5071062225792499
rel_abundance_barcode03,F,Paracoccaceae,0.0340789717604894
rel_abundance_barcode03,F,Pseudomonadaceae,0.1125641104863128
rel_abundance_barcode03,F,Sphingorhabdaceae,0.0013903478959401841
rel_abundance_barcode04,F,Burkholderiaceae,0.2690478029191443
rel_abundance_barcode04,F,Chromatiaceae,0.0025561819445517027
rel_abundance_barcode04,F,Comamonadaceae,0.014881458027646923
rel_abundance_barcode04,F,Flavobacteriaceae,0.002672021005483049
rel_abundance_barcode04,F,Oculatellaceae,0.25717043787165034
rel_abundance_barcode04,F,Paracoccaceae,0.08640049424665998
rel_abundance_barcode04,F,Pseudomonadaceae,0.36378098694879907
rel_abundance_barcode04,F,Sphingorhabdaceae,0.003490617036064561
rel_abundance_barcode05,F,Bacillaceae,0.04513668150031786
rel_abundance_barcode05,F,Burkholderiaceae,0.17959313413858868
rel_abundance_barcode05,F,Oculatellaceae,0.6602034329307056
rel_abundance_barcode05,F,Pseudomonadaceae,0.11506675143038779
rel_abundance_barcode06,F,Leptolyngbyaceae,0.5095785440613027
rel_abundance_barcode06,F,Pseudomonadaceae,0.4904214559386973
rel_abundance_barcode07,F,Lachnospiraceae,0.0005796250212529175
rel_abundance_barcode07,F,Leptolyngbyaceae,0.0020248234075768584
rel_abundance_barcode07,F,Oculatellaceae,0.9973955515711702
rel_abundance_barcode08,F,Leptolyngbyaceae,0.0058602250823851275
rel_abundance_barcode08,F,Oculatellaceae,0.9941397749176148
rel_abundance_barcode09,F,Burkholderiaceae,0.36042498112393484
rel_abundance_barcode09,F,Chromatiaceae,0.0017797432855139682
rel_abundance_barcode09,F,Comamonadaceae,0.039593509715395166
rel_abundance_barcode09,F,Flavobacteriaceae,0.003220487849977657
rel_abundance_barcode09,F,Oculatellaceae,0.487842273140515
rel_abundance_barcode09,F,Paracoccaceae,0.023629751760481994
rel_abundance_barcode09,F,Pseudomonadaceae,0.08288518729679338
rel_abundance_barcode09,F,Sphingorhabdaceae,0.0006240658273880149
rel_abundance_barcode10,F,Burkholderiaceae,0.3264149182699037
rel_abundance_barcode10,F,Chromatiaceae,0.0022862653000917618
rel_abundance_barcode10,F,Comamonadaceae,0.03473723501874115
rel_abundance_barcode10,F,Flavobacteriaceae,0.001990761621848609
rel_abundance_barcode10,F,Oculatellaceae,0.50685101948769
rel_abundance_barcode10,F,Paracoccaceae,0.027365195887833024
rel_abundance_barcode10,F,Pseudomonadaceae,0.09953808109243044
rel_abundance_barcode10,F,Sphingorhabdaceae,0.0008165233214613434
rel_abundance_barcode11,F,Leptolyngbyaceae,0.009315690681991982
rel_abundance_barcode11,F,Oculatellaceae,0.9899504862543353
rel_abundance_barcode11,F,Robiginitomaculaceae,0.0007338230636726686
rel_abundance_barcode12,F,Leptolyngbyaceae,0.009911444404195793
rel_abundance_barcode12,F,Oculatellaceae,0.9880307362677169
rel_abundance_barcode12,F,Robiginitomaculaceae,0.002057819328087307
rel_abundance_barcode13,F,Burkholderiaceae,0.4611173661528905
rel_abundance_barcode13,F,Chromatiaceae,0.002803121481538999
rel_abundance_barcode13,F,Comamonadaceae,0.03494195752610941
rel_abundance_barcode13,F,Flavobacteriaceae,0.014132080599448694
rel_abundance_barcode13,F,Oculatellaceae,0.22668789067049736
rel_abundance_barcode13,F,Paracoccaceae,0.07983849050743488
rel_abundance_barcode13,F,Pseudomonadaceae,0.17238032379547308
rel_abundance_barcode13,F,Sphingorhabdaceae,0.008098769266607136
rel_abundance_barcode14,F,Burkholderiaceae,0.33027770704568776
rel_abundance_barcode14,F,Chromatiaceae,0.005424508283370757
rel_abundance_barcode14,F,Comamonadaceae,0.03670609659174209
rel_abundance_barcode14,F,Flavobacteriaceae,0.013426236718442557
rel_abundance_barcode14,F,Leptolyngbyaceae,0.0025386390117055177
rel_abundance_barcode14,F,Oculatellaceae,0.389353148606835
rel_abundance_barcode14,F,Paracoccaceae,0.06961580900792456
rel_abundance_barcode14,F,Pseudomonadaceae,0.146430858739014
rel_abundance_barcode14,F,Sphingorhabdaceae,0.006226995995277668
rel_abundance_barcode15,F,Leptolyngbyaceae,0.004091469131880138
rel_abundance_barcode15,F,Oculatellaceae,0.9959085308681199
rel_abundance_barcode16,F,Leptolyngbyaceae,0.005184974344377688
rel_abundance_barcode16,F,Oculatellaceae,0.994314991037841
rel_abundance_barcode16,F,Robiginitomaculaceae,0.000500034617781231
rel_abundance_barcode17,F,Burkholderiaceae,0.28868098706819645
rel_abundance_barcode17,F,Chromatiaceae,0.014235068692933665
rel_abundance_barcode17,F,Comamonadaceae,0.10028159836160953
rel_abundance_barcode17,F,Flavobacteriaceae,0.027003964098148276
rel_abundance_barcode17,F,Oculatellaceae,0.15117875677814238
rel_abundance_barcode17,F,Paracoccaceae,0.245999053581264
rel_abundance_barcode17,F,Pseudomonadaceae,0.07385169152955232
rel_abundance_barcode17,F,Sphingorhabdaceae,0.09876887989015337
rel_abundance_barcode18,F,Burkholderiaceae,0.15591032083494397
rel_abundance_barcode18,F,Chromatiaceae,0.03625048318515655
rel_abundance_barcode18,F,Comamonadaceae,0.06016235021260147
rel_abundance_barcode18,F,Flavobacteriaceae,0.0337147274835717
rel_abundance_barcode18,F,Oculatellaceae,0.35001932740626207
rel_abundance_barcode18,F,Paracoccaceae,0.22052570545032857
rel_abundance_barcode18,F,Pseudomonadaceae,0.06177812137611133
rel_abundance_barcode18,F,Sphingorhabdaceae,0.08163896405102436
rel_abundance_barcode19,F,Burkholderiaceae,0.35753819077246096
rel_abundance_barcode19,F,Chromatiaceae,0.002423830733247393
rel_abundance_barcode19,F,Comamonadaceae,0.03237435062178205
rel_abundance_barcode19,F,Flavobacteriaceae,0.002462426764031587
rel_abundance_barcode19,F,Oculatellaceae,0.4720603333153219
rel_abundance_barcode19,F,Paracoccaceae,0.026453719499486675
rel_abundance_barcode19,F,Pseudomonadaceae,0.10547523292704578
rel_abundance_barcode19,F,Sphingorhabdaceae,0.0012119153666236965
rel_abundance_barcode20,F,Burkholderiaceae,0.39801610919335
rel_abundance_barcode20,F,Chromatiaceae,0.005610443201206206
rel_abundance_barcode20,F,Comamonadaceae,0.09295718763639249
rel_abundance_barcode20,F,Flavobacteriaceae,0.001110978851724001
rel_abundance_barcode20,F,Oculatellaceae,0.004055072808792604
rel_abundance_barcode20,F,Paracoccaceae,0.044161409356029045
rel_abundance_barcode20,F,Pseudomonadaceae,0.45408879895250565
rel_abundance_barcode21,F,Leptolyngbyaceae,0.004413909273108686
rel_abundance_barcode21,F,Oculatellaceae,0.8662959814709391
rel_abundance_barcode21,F,Paracoccaceae,0.0004133165927115908
rel_abundance_barcode21,F,Pseudomonadaceae,0.12833870125008773
rel_abundance_barcode21,F,Robiginitomaculaceae,0.0005380914131528257
rel_abundance_barcode22,F,Hyphomonadaceae,0.0004035544442422276
rel_abundance_barcode22,F,Oculatellaceae,0.08030733440420329
rel_abundance_barcode22,F,Pseudomonadaceae,0.9192891111515545
rel_abundance_barcode23,F,Burkholderiaceae,0.0012657832229028628
rel_abundance_barcode23,F,Chromatiaceae,0.04806069508688586
rel_abundance_barcode23,F,Leptolyngbyaceae,0.006469558694836854
rel_abundance_barcode23,F,Oculatellaceae,0.8029050506313289
rel_abundance_barcode23,F,Paracoccaceae,0.010110638829853733
rel_abundance_barcode23,F,Pseudomonadaceae,0.13118827353419177
rel_abundance_barcode24,F,Leptolyngbyaceae,0.014531746276480927
rel_abundance_barcode24,F,Oculatellaceae,0.9755003237842672
rel_abundance_barcode24,F,Pseudomonadaceae,0.009967929939251904
rel_abundance_barcode01,G,Dulcicalothrix,0.0003943888519417851
rel_abundance_barcode01,G,Gansulinema,0.995019874104892
rel_abundance_barcode01,G,Stenomitos,0.004585737043166246
rel_abundance_barcode02,G,Gansulinema,0.999446694198308
rel_abundance_barcode02,G,Limnobacter,0.0005533058016919931
rel_abundance_barcode03,G,Cypionkella,0.0011277266267070382
rel_abundance_barcode03,G,Flavobacterium,0.0020777976889328306
rel_abundance_barcode03,G,Gansulinema,0.5071062225792499
rel_abundance_barcode03,G,Halopseudomonas,0.1125641104863128
rel_abundance_barcode03,G,Limnobacter,0.3227615398875363
rel_abundance_barcode03,G,Limnohabitans,0.01656058827164308
rel_abundance_barcode03,G,Parasphingorhabdus,0.0013903478959401841
rel_abundance_barcode03,G,Polaribacter,0.0005175183834888463
rel_abundance_barcode03,G,Pseudotabrizicola,0.02191342767101279
rel_abundance_barcode03,G,Rheinheimera,0.0029429030464067233
rel_abundance_barcode03,G,Yoonia,0.011037817462769573
rel_abundance_barcode04,G,Cypionkella,0.002980925167966638
rel_abundance_barcode04,G,Flavobacterium,0.002000154452081242
rel_abundance_barcode04,G,Gansulinema,0.25717043787165034
rel_abundance_barcode04,G,Halopseudomonas,0.36378098694879907
rel_abundance_barcode04,G,Limnobacter,0.2690478029191443
rel_abundance_barcode04,G,Limnohabitans,0.014881458027646923
rel_abundance_barcode04,G,Parasphingorhabdus,0.003490617036064561
rel_abundance_barcode04,G,Polaribacter,0.000671866553401807
rel_abundance_barcode04,G,Pseudotabrizicola,0.05667619121167658
rel_abundance_barcode04,G,Rheinheimera,0.0025561819445517027
rel_abundance_barcode04,G,Yoonia,0.02674337786701676
rel_abundance_barcode05,G,Calidifontibacillus,0.04513668150031786
rel_abundance_barcode05,G,Gansulinema,0.6602034329307056
rel_abundance_barcode05,G,Halopseudomonas,0.11506675143038779
rel_abundance_barcode05,G,Limnobacter,0.17959313413858868
rel_abundance_barcode06,G,Pseudomonas,0.4904214559386973
rel_abundance_barcode06,G,Stenomitos,0.5095785440613027
rel_abundance_barcode07,G,Anaerobutyricum,0.0005796250212529175
rel_abundance_barcode07,G,Gansulinema,0.9973955515711702
rel_abundance_barcode07,G,Stenomitos,0.0020248234075768584
rel_abundance_barcode08,G,Gansulinema,0.9941397749176148
rel_abundance_barcode08,G,Stenomitos,0.0058602250823851275
rel_abundance_barcode09,G,Cypionkella,0.0005701342126754704
rel_abundance_barcode09,G,Flavobacterium,0.0025193768587145784
rel_abundance_barcode09,G,Gansulinema,0.487842273140515
rel_abundance_barcode09,G,Halopseudomonas,0.08288518729679338
rel_abundance_barcode09,G,Limnobacter,0.36042498112393484
rel_abundance_barcode09,G,Limnohabitans,0.039593509715395166
rel_abundance_barcode09,G,Parasphingorhabdus,0.0006240658273880149
rel_abundance_barcode09,G,Polaribacter,0.0007011109912630785
rel_abundance_barcode09,G,Pseudotabrizicola,0.014276468866049278
rel_abundance_barcode09,G,Rheinheimera,0.0017797432855139682
rel_abundance_barcode09,G,Yoonia,0.008783148681757245
rel_abundance_barcode10,G,Cypionkella,0.0006998771326811516
rel_abundance_barcode10,G,Flavobacterium,0.0015319532793131873
rel_abundance_barcode10,G,Gansulinema,0.50685101948769
rel_abundance_barcode10,G,Halopseudomonas,0.09953808109243044
rel_abundance_barcode10,G,Limnobacter,0.3264149182699037
rel_abundance_barcode10,G,Limnohabitans,0.03473723501874115
rel_abundance_barcode10,G,Parasphingorhabdus,0.0008165233214613434
rel_abundance_barcode10,G,Polaribacter,0.0004588083425354216
rel_abundance_barcode10,G,Pseudotabrizicola,0.017730220694589172
rel_abundance_barcode10,G,Rheinheimera,0.0022862653000917618
rel_abundance_barcode10,G,Yoonia,0.008935098060562701
rel_abundance_barcode11,G,Gansulinema,0.9899504862543353
rel_abundance_barcode11,G,Litorimonas,0.0007338230636726686
rel_abundance_barcode11,G,Stenomitos,0.009315690681991982
rel_abundance_barcode12,G,Gansulinema,0.9880307362677169
rel_abundance_barcode12,G,Litorimonas,0.002057819328087307
rel_abundance_barcode12,G,Stenomitos,0.009911444404195793
rel_abundance_barcode13,G,Cypionkella,0.002655588771984315
rel_abundance_barcode13,G,Flavobacterium,0.012128741701285087
rel_abundance_barcode13,G,Gansulinema,0.22668789067049736
rel_abundance_barcode13,G,Halopseudomonas,0.17238032379547308
rel_abundance_barcode13,G,Limnobacter,0.4611173661528905
rel_abundance_barcode13,G,Limnohabitans,0.03494195752610941
rel_abundance_barcode13,G,Parasphingorhabdus,0.008098769266607136
rel_abundance_barcode13,G,Polaribacter,0.002003338898163606
rel_abundance_barcode13,G,Pseudotabrizicola,0.038754513336180456
rel_abundance_barcode13,G,Rheinheimera,0.002803121481538999
rel_abundance_barcode13,G,Yoonia,0.038428388399270104
rel_abundance_barcode14,G,Cypionkella,0.0020370841917636984
rel_abundance_barcode14,G,Flavobacterium,0.011852126206625154
rel_abundance_barcode14,G,Gansulinema,0.389353148606835
rel_abundance_barcode14,G,Halopseudomonas,0.146430858739014
rel_abundance_barcode14,G,Limnobacter,0.33027770704568776
rel_abundance_barcode14,G,Limnohabitans,0.03670609659174209
rel_abundance_barcode14,G,Parasphingorhabdus,0.006226995995277668
rel_abundance_barcode14,G,Polaribacter,0.0015741105118174032
rel_abundance_barcode14,G,Pseudotabrizicola,0.03388195714406969
rel_abundance_barcode14,G,Rheinheimera,0.005424508283370757
rel_abundance_barcode14,G,Stenomitos,0.0025386390117055177
rel_abundance_barcode14,G,Yoonia,0.03369676767209118
rel_abundance_barcode15,G,Gansulinema,0.9959085308681199
rel_abundance_barcode15,G,Stenomitos,0.004091469131880138
rel_abundance_barcode16,G,Gansulinema,0.994314991037841
rel_abundance_barcode16,G,Litorimonas,0.000500034617781231
rel_abundance_barcode16,G,Stenomitos,0.005184974344377688
rel_abundance_barcode17,G,Cypionkella,0.006058631416447516
rel_abundance_barcode17,G,Flavobacterium,0.027003964098148276
rel_abundance_barcode17,G,Gansulinema,0.15117875677814238
rel_abundance_barcode17,G,Halopseudomonas,0.07385169152955232
rel_abundance_barcode17,G,Limnobacter,0.28868098706819645
rel_abundance_barcode17,G,Limnohabitans,0.10028159836160953
rel_abundance_barcode17,G,Parasphingorhabdus,0.09876887989015337
rel_abundance_barcode17,G,Pseudotabrizicola,0.07920438765932028
rel_abundance_barcode17,G,Rheinheimera,0.014235068692933665
rel_abundance_barcode17,G,Yoonia,0.1607360345054962
rel_abundance_barcode18,G,Cypionkella,0.005427135678391959
rel_abundance_barcode18,G,Flavobacterium,0.03310398144568999
rel_abundance_barcode18,G,Gansulinema,0.35001932740626207
rel_abundance_barcode18,G,Halopseudomonas,0.06177812137611133
rel_abundance_barcode18,G,Limnobacter,0.15591032083494397
rel_abundance_barcode18,G,Limnohabitans,0.06016235021260147
rel_abundance_barcode18,G,Parasphingorhabdus,0.08163896405102436
rel_abundance_barcode18,G,Polaribacter,0.0006107460378817162
rel_abundance_barcode18,G,Pseudotabrizicola,0.06841901816776189
rel_abundance_barcode18,G,Rheinheimera,0.03625048318515655
rel_abundance_barcode18,G,Yoonia,0.14667955160417473
rel_abundance_barcode19,G,Cypionkella,0.0007256053787428501
rel_abundance_barcode19,G,Flavobacterium,0.0018603286837981581
rel_abundance_barcode19,G,Gansulinema,0.4720603333153219
rel_abundance_barcode19,G,Halopseudomonas,0.10547523292704578
rel_abundance_barcode19,G,Limnobacter,0.35753819077246096
rel_abundance_barcode19,G,Limnohabitans,0.03237435062178205
rel_abundance_barcode19,G,Parasphingorhabdus,0.0012119153666236965
rel_abundance_barcode19,G,Polaribacter,0.0006020980802334288
rel_abundance_barcode19,G,Pseudotabrizicola,0.018124696056257574
rel_abundance_barcode19,G,Rheinheimera,0.002423830733247393
rel_abundance_barcode19,G,Yoonia,0.007603418064486249
rel_abundance_barcode20,G,Flavobacterium,0.001110978851724001
rel_abundance_barcode20,G,Gansulinema,0.004055072808792604
rel_abundance_barcode20,G,Halopseudomonas,0.45408879895250565
rel_abundance_barcode20,G,Limnobacter,0.39801610919335
rel_abundance_barcode20,G,Limnohabitans,0.09295718763639249
rel_abundance_barcode20,G,Pseudotabrizicola,0.026092131889060826
rel_abundance_barcode20,G,Rheinheimera,0.005610443201206206
rel_abundance_barcode20,G,Yoonia,0.01806927746696822
rel_abundance_barcode21,G,Gansulinema,0.8662959814709391
rel_abundance_barcode21,G,Halopseudomonas,0.12833870125008773
rel_abundance_barcode21,G,Litorimonas,0.0005380914131528257
rel_abundance_barcode21,G,Stenomitos,0.004413909273108686
rel_abundance_barcode21,G,Yoonia,0.0004133165927115908
rel_abundance_barcode22,G,Gansulinema,0.08030733440420329
rel_abundance_barcode22,G,Halopseudomonas,0.9192891111515545
rel_abundance_barcode22,G,Hyphomonas,0.0004035544442422276
rel_abundance_barcode23,G,Cypionkella,0.006133579197399675
rel_abundance_barcode23,G,Gansulinema,0.8029050506313289
rel_abundance_barcode23,G,Halopseudomonas,0.13118827353419177
rel_abundance_barcode23,G,Limnobacter,0.0012657832229028628
rel_abundance_barcode23,G,Rheinheimera,0.04806069508688586
rel_abundance_barcode23,G,Stenomitos,0.006469558694836854
rel_abundance_barcode23,G,Yoonia,0.003977059632454057
rel_abundance_barcode24,G,Gansulinema,0.9755003237842672
rel_abundance_barcode24,G,Halopseudomonas,0.009967929939251904
rel_abundance_barcode24,G,Stenomitos,0.014531746276480927
rel_abundance_barcode01,O,Leptolyngbyales,0.004585737043166246
rel_abundance_barcode01,O,Nostocales,0.0003943888519417851
rel_abundance_barcode01,O,Oculatellales,0.995019874104892
rel_abundance_barcode02,O,Burkholderiales,0.0005533058016919931
rel_abundance_barcode02,O,Oculatellales,0.999446694198308
rel_abundance_barcode03,O,Burkholderiales,0.3393221281591794
rel_abundance_barcode03,O,Chromatiales,0.0029429030464067233
rel_abundance_barcode03,O,Flavobacteriales,0.002595316072421677
rel_abundance_barcode03,O,Oculatellales,0.5071062225792499
rel_abundance_barcode03,O,Pseudomonadales,0.1125641104863128
rel_abundance_barcode03,O,Rhodobacterales,0.0340789717604894
rel_abundance_barcode03,O,Sphingomonadales,0.0013903478959401841
rel_abundance_barcode04,O,Burkholderiales,0.2839292609467912
rel_abundance_barcode04,O,Chromatiales,0.0025561819445517027
rel_abundance_barcode04,O,Flavobacteriales,0.002672021005483049
rel_abundance_barcode04,O,Oculatellales,0.25717043787165034
rel_abundance_barcode04,O,Pseudomonadales,0.36378098694879907
rel_abundance_barcode04,O,Rhodobacterales,0.08640049424665998
rel_abundance_barcode04,O,Sphingomonadales,0.003490617036064561
rel_abundance_barcode05,O,Burkholderiales,0.17959313413858868
rel_abundance_barcode05,O,Caryophanales,0.04513668150031786
rel_abundance_barcode05,O,Oculatellales,0.6602034329307056
rel_abundance_barcode05,O,Pseudomonadales,0.11506675143038779
rel_abundance_barcode06,O,Leptolyngbyales,0.5095785440613027
rel_abundance_barcode06,O,Pseudomonadales,0.4904214559386973
rel_abundance_barcode07,O,Lachnospirales,0.0005796250212529175
rel_abundance_barcode07,O,Leptolyngbyales,0.0020248234075768584
rel_abundance_barcode07,O,Oculatellales,0.9973955515711702
rel_abundance_barcode08,O,Leptolyngbyales,0.0058602250823851275
rel_abundance_barcode08,O,Oculatellales,0.9941397749176148
rel_abundance_barcode09,O,Burkholderiales,0.40001849083933
rel_abundance_barcode09,O,Chromatiales,0.0017797432855139682
rel_abundance_barcode09,O,Flavobacteriales,0.003220487849977657
rel_abundance_barcode09,O,Oculatellales,0.487842273140515
rel_abundance_barcode09,O,Pseudomonadales,0.08288518729679338
rel_abundance_barcode09,O,Rhodobacterales,0.023629751760481994
rel_abundance_barcode09,O,Sphingomonadales,0.0006240658273880149
rel_abundance_barcode10,O,Burkholderiales,0.36115215328864486
rel_abundance_barcode10,O,Chromatiales,0.0022862653000917618
rel_abundance_barcode10,O,Flavobacteriales,0.001990761621848609
rel_abundance_barcode10,O,Oculatellales,0.50685101948769
rel_abundance_barcode10,O,Pseudomonadales,0.09953808109243044
rel_abundance_barcode10,O,Rhodobacterales,0.027365195887833024
rel_abundance_barcode10,O,Sphingomonadales,0.0008165233214613434
rel_abundance_barcode11,O,Leptolyngbyales,0.009315690681991982
rel_abundance_barcode11,O,Maricaulales,0.0007338230636726686
rel_abundance_barcode11,O,Oculatellales,0.9899504862543353
rel_abundance_barcode12,O,Leptolyngbyales,0.009911444404195793
rel_abundance_barcode12,O,Maricaulales,0.002057819328087307
rel_abundance_barcode12,O,Oculatellales,0.9880307362677169
rel_abundance_barcode13,O,Burkholderiales,0.4960593236789999
rel_abundance_barcode13,O,Chromatiales,0.002803121481538999
rel_abundance_barcode13,O,Flavobacteriales,0.014132080599448694
rel_abundance_barcode13,O,Oculatellales,0.22668789067049736
rel_abundance_barcode13,O,Pseudomonadales,0.17238032379547308
rel_abundance_barcode13,O,Rhodobacterales,0.07983849050743488
rel_abundance_barcode13,O,Sphingomonadales,0.008098769266607136
rel_abundance_barcode14,O,Burkholderiales,0.3669838036374299
rel_abundance_barcode14,O,Chromatiales,0.005424508283370757
rel_abundance_barcode14,O,Flavobacteriales,0.013426236718442557
rel_abundance_barcode14,O,Leptolyngbyales,0.0025386390117055177
rel_abundance_barcode14,O,Oculatellales,0.389353148606835
rel_abundance_barcode14,O,Pseudomonadales,0.146430858739014
rel_abundance_barcode14,O,Rhodobacterales,0.06961580900792456
rel_abundance_barcode14,O,Sphingomonadales,0.006226995995277668
rel_abundance_barcode15,O,Leptolyngbyales,0.004091469131880138
rel_abundance_barcode15,O,Oculatellales,0.9959085308681199
rel_abundance_barcode16,O,Leptolyngbyales,0.005184974344377688
rel_abundance_barcode16,O,Maricaulales,0.000500034617781231
rel_abundance_barcode16,O,Oculatellales,0.994314991037841
rel_abundance_barcode17,O,Burkholderiales,0.388962585429806
rel_abundance_barcode17,O,Chromatiales,0.014235068692933665
rel_abundance_barcode17,O,Flavobacteriales,0.027003964098148276
rel_abundance_barcode17,O,Oculatellales,0.15117875677814238
rel_abundance_barcode17,O,Pseudomonadales,0.07385169152955232
rel_abundance_barcode17,O,Rhodobacterales,0.245999053581264
rel_abundance_barcode17,O,Sphingomonadales,0.09876887989015337
rel_abundance_barcode18,O,Burkholderiales,0.21607267104754543
rel_abundance_barcode18,O,Chromatiales,0.03625048318515655
rel_abundance_barcode18,O,Flavobacteriales,0.0337147274835717
rel_abundance_barcode18,O,Oculatellales,0.35001932740626207
rel_abundance_barcode18,O,Pseudomonadales,0.06177812137611133
rel_abundance_barcode18,O,Rhodobacterales,0.22052570545032857
rel_abundance_barcode18,O,Sphingomonadales,0.08163896405102436
rel_abundance_barcode19,O,Burkholderiales,0.38991254139424303
rel_abundance_barcode19,O,Chromatiales,0.002423830733247393
rel_abundance_barcode19,O,Flavobacteriales,0.002462426764031587
rel_abundance_barcode19,O,Oculatellales,0.4720603333153219
rel_abundance_barcode19,O,Pseudomonadales,0.10547523292704578
rel_abundance_barcode19,O,Rhodobacterales,0.026453719499486675
rel_abundance_barcode19,O,Sphingomonadales,0.0012119153666236965
rel_abundance_barcode20,O,Burkholderiales,0.4909732968297425
rel_abundance_barcode20,O,Chromatiales,0.005610443201206206
rel_abundance_barcode20,O,Flavobacteriales,0.001110978851724001
rel_abundance_barcode20,O,Oculatellales,0.004055072808792604
rel_abundance_barcode20,O,Pseudomonadales,0.45408879895250565
rel_abundance_barcode20,O,Rhodobacterales,0.044161409356029045
rel_abundance_barcode21,O,Leptolyngbyales,0.004413909273108686
rel_abundance_barcode21,O,Maricaulales,0.0005380914131528257
rel_abundance_barcode21,O,Oculatellales,0.8662959814709391
rel_abundance_barcode21,O,Pseudomonadales,0.12833870125008773
rel_abundance_barcode21,O,Rhodobacterales,0.0004133165927115908
rel_abundance_barcode22,O,Hyphomonadales,0.0004035544442422276
rel_abundance_barcode22,O,Oculatellales,0.08030733440420329
rel_abundance_barcode22,O,Pseudomonadales,0.9192891111515545
rel_abundance_barcode23,O,Burkholderiales,0.0012657832229028628
rel_abundance_barcode23,O,Chromatiales,0.04806069508688586
rel_abundance_barcode23,O,Leptolyngbyales,0.006469558694836854
rel_abundance_barcode23,O,Oculatellales,0.8029050506313289
rel_abundance_barcode23,O,Pseudomonadales,0.13118827353419177
rel_abundance_barcode23,O,Rhodobacterales,0.010110638829853733
rel_abundance_barcode24,O,Leptolyngbyales,0.014531746276480927
rel_abundance_barcode24,O,Oculatellales,0.9755003237842672
rel_abundance_barcode24,O,Pseudomonadales,0.009967929939251904
rel_abundance_barcode01,S,Dulcicalothrix necridiiformans,0.0003943888519417851
rel_abundance_barcode01,S,Gansulinema desertorum,0.995019874104892
rel_abundance_barcode01,S,Stenomitos terricola,0.004585737043166246
rel_abundance_barcode02,S,Gansulinema desertorum,0.999446694198308
rel_abundance_barcode02,S,Limnobacter thiooxidans,0.0005533058016919931
rel_abundance_barcode03,S,Cypionkella psychrotolerans,0.0011277266267070382
rel_abundance_barcode03,S,Flavobacterium orientale,0.0020777976889328306
rel_abundance_barcode03,S,Gansulinema desertorum,0.5071062225792499
rel_abundance_barcode03,S,Halopseudomonas laoshanensis,0.1125641104863128
rel_abundance_barcode03,S,Limnobacter thiooxidans,0.3227615398875363
rel_abundance_barcode03,S,Limnohabitans parvus,0.01656058827164308
rel_abundance_barcode03,S,Parasphingorhabdus flavimaris,0.0013903478959401841
rel_abundance_barcode03,S,Polaribacter gangjinensis,0.0005175183834888463
rel_abundance_barcode03,S,Pseudotabrizicola alkalilacus,0.02191342767101279
rel_abundance_barcode03,S,Rheinheimera chironomi,0.0029429030464067233
rel_abundance_barcode03,S,Yoonia vestfoldensis,0.011037817462769573
rel_abundance_barcode04,S,Cypionkella psychrotolerans,0.002980925167966638
rel_abundance_barcode04,S,Flavobacterium orientale,0.002000154452081242
rel_abundance_barcode04,S,Gansulinema desertorum,0.25717043787165034
rel_abundance_barcode04,S,Halopseudomonas laoshanensis,0.36378098694879907
rel_abundance_barcode04,S,Limnobacter thiooxidans,0.2690478029191443
rel_abundance_barcode04,S,Limnohabitans parvus,0.014881458027646923
rel_abundance_barcode04,S,Parasphingorhabdus flavimaris,0.003490617036064561
rel_abundance_barcode04,S,Polaribacter gangjinensis,0.000671866553401807
rel_abundance_barcode04,S,Pseudotabrizicola alkalilacus,0.05667619121167658
rel_abundance_barcode04,S,Rheinheimera chironomi,0.0025561819445517027
rel_abundance_barcode04,S,Yoonia vestfoldensis,0.02674337786701676
rel_abundance_barcode05,S,Calidifontibacillus erzurumensis,0.04513668150031786
rel_abundance_barcode05,S,Gansulinema desertorum,0.6602034329307056
rel_abundance_barcode05,S,Halopseudomonas laoshanensis,0.11506675143038779
rel_abundance_barcode05,S,Limnobacter thiooxidans,0.17959313413858868
rel_abundance_barcode06,S,Pseudomonas chlororaphis,0.4904214559386973
rel_abundance_barcode06,S,Stenomitos terricola,0.5095785440613027
rel_abundance_barcode07,S,Anaerobutyricum soehngenii,0.0005796250212529175
rel_abundance_barcode07,S,Gansulinema desertorum,0.9973955515711702
rel_abundance_barcode07,S,Stenomitos terricola,0.0020248234075768584
rel_abundance_barcode08,S,Gansulinema desertorum,0.9941397749176148
rel_abundance_barcode08,S,Stenomitos terricola,0.0058602250823851275
rel_abundance_barcode09,S,Cypionkella psychrotolerans,0.0005701342126754704
rel_abundance_barcode09,S,Flavobacterium orientale,0.0025193768587145784
rel_abundance_barcode09,S,Gansulinema desertorum,0.487842273140515
rel_abundance_barcode09,S,Halopseudomonas laoshanensis,0.08288518729679338
rel_abundance_barcode09,S,Limnobacter thiooxidans,0.36042498112393484
rel_abundance_barcode09,S,Limnohabitans parvus,0.039593509715395166
rel_abundance_barcode09,S,Parasphingorhabdus flavimaris,0.0006240658273880149
rel_abundance_barcode09,S,Polaribacter gangjinensis,0.0007011109912630785
rel_abundance_barcode09,S,Pseudotabrizicola alkalilacus,0.014276468866049278
rel_abundance_barcode09,S,Rheinheimera chironomi,0.0017797432855139682
rel_abundance_barcode09,S,Yoonia vestfoldensis,0.008783148681757245
rel_abundance_barcode10,S,Cypionkella psychrotolerans,0.0006998771326811516
rel_abundance_barcode10,S,Flavobacterium orientale,0.0015319532793131873
rel_abundance_barcode10,S,Gansulinema desertorum,0.50685101948769
rel_abundance_barcode10,S,Halopseudomonas laoshanensis,0.09953808109243044
rel_abundance_barcode10,S,Limnobacter thiooxidans,0.3264149182699037
rel_abundance_barcode10,S,Limnohabitans parvus,0.03473723501874115
rel_abundance_barcode10,S,Parasphingorhabdus flavimaris,0.0008165233214613434
rel_abundance_barcode10,S,Polaribacter gangjinensis,0.0004588083425354216
rel_abundance_barcode10,S,Pseudotabrizicola alkalilacus,0.017730220694589172
rel_abundance_barcode10,S,Rheinheimera chironomi,0.0022862653000917618
rel_abundance_barcode10,S,Yoonia vestfoldensis,0.008935098060562701
rel_abundance_barcode11,S,Gansulinema desertorum,0.9899504862543353
rel_abundance_barcode11,S,Litorimonas taeanensis,0.0007338230636726686
rel_abundance_barcode11,S,Stenomitos terricola,0.009315690681991982
rel_abundance_barcode12,S,Gansulinema desertorum,0.9880307362677169
rel_abundance_barcode12,S,Litorimonas taeanensis,0.002057819328087307
rel_abundance_barcode12,S,Stenomitos terricola,0.009911444404195793
rel_abundance_barcode13,S,Cypionkella psychrotolerans,0.002655588771984315
rel_abundance_barcode13,S,Flavobacterium orientale,0.012128741701285087
rel_abundance_barcode13,S,Gansulinema desertorum,0.22668789067049736
rel_abundance_barcode13,S,Halopseudomonas laoshanensis,0.17238032379547308
rel_abundance_barcode13,S,Limnobacter thiooxidans,0.4611173661528905
rel_abundance_barcode13,S,Limnohabitans parvus,0.03494195752610941
rel_abundance_barcode13,S,Parasphingorhabdus flavimaris,0.008098769266607136
rel_abundance_barcode13,S,Polaribacter gangjinensis,0.002003338898163606
rel_abundance_barcode13,S,Pseudotabrizicola alkalilacus,0.038754513336180456
rel_abundance_barcode13,S,Rheinheimera chironomi,0.002803121481538999
rel_abundance_barcode13,S,Yoonia vestfoldensis,0.038428388399270104
rel_abundance_barcode14,S,Cypionkella psychrotolerans,0.0020370841917636984
rel_abundance_barcode14,S,Flavobacterium orientale,0.011852126206625154
rel_abundance_barcode14,S,Gansulinema desertorum,0.389353148606835
rel_abundance_barcode14,S,Halopseudomonas laoshanensis,0.146430858739014
rel_abundance_barcode14,S,Limnobacter thiooxidans,0.33027770704568776
rel_abundance_barcode14,S,Limnohabitans parvus,0.03670609659174209
rel_abundance_barcode14,S,Parasphingorhabdus flavimaris,0.006226995995277668
rel_abundance_barcode14,S,Polaribacter gangjinensis,0.0015741105118174032
rel_abundance_barcode14,S,Pseudotabrizicola alkalilacus,0.03388195714406969
rel_abundance_barcode14,S,Rheinheimera chironomi,0.005424508283370757
rel_abundance_barcode14,S,Stenomitos terricola,0.0025386390117055177
rel_abundance_barcode14,S,Yoonia vestfoldensis,0.03369676767209118
rel_abundance_barcode15,S,Gansulinema desertorum,0.9959085308681199
rel_abundance_barcode15,S,Stenomitos terricola,0.004091469131880138
rel_abundance_barcode16,S,Gansulinema desertorum,0.994314991037841
rel_abundance_barcode16,S,Litorimonas taeanensis,0.000500034617781231
rel_abundance_barcode16,S,Stenomitos terricola,0.005184974344377688
rel_abundance_barcode17,S,Cypionkella psychrotolerans,0.006058631416447516
rel_abundance_barcode17,S,Flavobacterium orientale,0.027003964098148276
rel_abundance_barcode17,S,Gansulinema desertorum,0.15117875677814238
rel_abundance_barcode17,S,Halopseudomonas laoshanensis,0.07385169152955232
rel_abundance_barcode17,S,Limnobacter thiooxidans,0.28868098706819645
rel_abundance_barcode17,S,Limnohabitans parvus,0.10028159836160953
rel_abundance_barcode17,S,Parasphingorhabdus flavimaris,0.09876887989015337
rel_abundance_barcode17,S,Pseudotabrizicola alkalilacus,0.07920438765932028
rel_abundance_barcode17,S,Rheinheimera chironomi,0.014235068692933665
rel_abundance_barcode17,S,Yoonia vestfoldensis,0.1607360345054962
rel_abundance_barcode18,S,Cypionkella psychrotolerans,0.005427135678391959
rel_abundance_barcode18,S,Flavobacterium orientale,0.03310398144568999
rel_abundance_barcode18,S,Gansulinema desertorum,0.35001932740626207
rel_abundance_barcode18,S,Halopseudomonas laoshanensis,0.06177812137611133
rel_abundance_barcode18,S,Limnobacter thiooxidans,0.15591032083494397
rel_abundance_barcode18,S,Limnohabitans parvus,0.06016235021260147
rel_abundance_barcode18,S,Parasphingorhabdus flavimaris,0.08163896405102436
rel_abundance_barcode18,S,Polaribacter gangjinensis,0.0006107460378817162
rel_abundance_barcode18,S,Pseudotabrizicola alkalilacus,0.06841901816776189
rel_abundance_barcode18,S,Rheinheimera chironomi,0.03625048318515655
rel_abundance_barcode18,S,Yoonia vestfoldensis,0.14667955160417473
rel_abundance_barcode19,S,Cypionkella psychrotolerans,0.0007256053787428501
rel_abundance_barcode19,S,Flavobacterium orientale,0.0018603286837981581
rel_abundance_barcode19,S,Gansulinema desertorum,0.4720603333153219
rel_abundance_barcode19,S,Halopseudomonas laoshanensis,0.10547523292704578
rel_abundance_barcode19,S,Limnobacter thiooxidans,0.35753819077246096
rel_abundance_barcode19,S,Limnohabitans parvus,0.03237435062178205
rel_abundance_barcode19,S,Parasphingorhabdus flavimaris,0.0012119153666236965
rel_abundance_barcode19,S,Polaribacter gangjinensis,0.0006020980802334288
rel_abundance_barcode19,S,Pseudotabrizicola alkalilacus,0.018124696056257574
rel_abundance_barcode19,S,Rheinheimera chironomi,0.002423830733247393
rel_abundance_barcode19,S,Yoonia vestfoldensis,0.007603418064486249
rel_abundance_barcode20,S,Flavobacterium orientale,0.001110978851724001
rel_abundance_barcode20,S,Gansulinema desertorum,0.004055072808792604
rel_abundance_barcode20,S,Halopseudomonas laoshanensis,0.45408879895250565
rel_abundance_barcode20,S,Limnobacter thiooxidans,0.39801610919335
rel_abundance_barcode20,S,Limnohabitans parvus,0.09295718763639249
rel_abundance_barcode20,S,Pseudotabrizicola alkalilacus,0.026092131889060826
rel_abundance_barcode20,S,Rheinheimera chironomi,0.005610443201206206
rel_abundance_barcode20,S,Yoonia vestfoldensis,0.01806927746696822
rel_abundance_barcode21,S,Gansulinema desertorum,0.8662959814709391
rel_abundance_barcode21,S,Halopseudomonas laoshanensis,0.12833870125008773
rel_abundance_barcode21,S,Litorimonas taeanensis,0.0005380914131528257
rel_abundance_barcode21,S,Stenomitos terricola,0.004413909273108686
rel_abundance_barcode21,S,Yoonia vestfoldensis,0.0004133165927115908
rel_abundance_barcode22,S,Gansulinema desertorum,0.08030733440420329
rel_abundance_barcode22,S,Halopseudomonas laoshanensis,0.9192891111515545
rel_abundance_barcode22,S,Hyphomonas chukchiensis,0.0004035544442422276
rel_abundance_barcode23,S,Cypionkella psychrotolerans,0.006133579197399675
rel_abundance_barcode23,S,Gansulinema desertorum,0.8029050506313289
rel_abundance_barcode23,S,Halopseudomonas laoshanensis,0.13118827353419177
rel_abundance_barcode23,S,Limnobacter thiooxidans,0.0012657832229028628
rel_abundance_barcode23,S,Rheinheimera baltica,0.04806069508688586
rel_abundance_barcode23,S,Stenomitos terricola,0.006469558694836854
rel_abundance_barcode23,S,Yoonia vestfoldensis,0.003977059632454057
rel_abundance_barcode24,S,Gansulinema desertorum,0.9755003237842672
rel_abundance_barcode24,S,Halopseudomonas laoshanensis,0.009967929939251904
rel_abundance_barcode24,S,Stenomitos terricola,0.014531746276480927
