Sample_ID	embl_id	group	axenic_xenic_media	timepoint_d	replicate	implen_nanodrop_ng_u_l	qubit_1x_hs	comment
barcode01	MG024C_01	1	Axenic	T00	a	1.1	0.31	
barcode02	MG024C_02	1	Axenic	T00	b	1.2	0.234	
barcode03	MG024C_03	1	Xenic	T00	a	4	1.89	
barcode04	MG024C_04	1	Xenic	T00	b	4.25	1.87	
barcode05	MG024C_05	1	Media	T00	a	2.75	0.0576	
barcode06	MG024C_06	1	Media	T00	b	2.95	0.0149	
barcode07	MG024C_07	1	Axenic	T02	a	6.75	1.44	
barcode08	MG024C_08	1	Axenic	T02	b	7.65	1.06	
barcode09	MG024C_09	1	Xenic	T02	a	9.05	4.34	
barcode10	MG024C_10	1	Xenic	T02	b	12.05	7.16	
barcode11	MG024C_11	1	Axenic	T07	a	11.6	5.66	
barcode12	MG024C_12	1	Axenic	T07	b	15.15	7.44	
barcode13	MG024C_13	1	Xenic	T07	a	24.55	15.5	
barcode14	MG024C_14	1	Xenic	T07	b	23.6	15.3	
barcode15	MG024C_15	1	Axenic	T14	a	27	13.6	
barcode16	MG024C_16	1	Axenic	T14	b	28.6	13.2	
barcode17	MG024C_17	1	Xenic	T14	a	69.45	44.8	
barcode18	MG024C_18	1	Xenic	T14	b	68.35	49.2	
